Dimensão,Peso (%),Nota atual,Meta,Lacuna,Status Eva,Evidência atual,Para subir a nota,Próxima banca
Concepção linguística,10,8.5,9.5,1.0,Em rota,"Contexto, ambiguidade e decisão autoral são princípios explícitos.",Formalizar uma teoria de decisão linguística por fenômeno e seus limites.,Revisão de filosofia linguística
"Autoria, contexto e não automatismo",10,9.0,9.5,0.5,Em rota,Engines locais não substituem o manuscrito; snapshot semântico é preservado.,Provar acessibilidade e decisão autoral em dispositivos e leitores de tela.,QA humano de autoria
Morfologia verbal,15,7.0,9.0,2.0,Atenção,"E2-V cobre regras regulares, irregulares curados, clíticos e locuções; matriz ainda em estabilização.","Fechar corpus adversarial, matriz verde e revisão humana independente.",Fechamento E2-V
Léxico e polissemia,10,6.5,9.0,2.5,Crítico,1.343 entradas de sinônimos; 936 definições efetivas; 175 regras de polissemia.,"Resolver 68 conflitos editoriais, aliases, autorreferências e cartões ausentes.",Lotes editoriais do E2
Sintaxe e estrutura oracional,15,4.5,9.0,4.5,Crítico,"Há contexto local e funções pontuais, mas não um parser oracional amplo.","Criar corpus sintático, análise de oração, regência, concordância e relações entre orações.",Piloto sintático
"Variação, registro e norma",10,6.5,9.0,2.5,Crítico,606 entradas contextuais/decoloniais e decisões que preservam registro.,"Estratificar corpus por região, gênero textual, formalidade, oralidade e frequência.",Corpus sociolinguístico
Fundamentação e proveniência,10,4.5,9.0,4.5,Crítico,"Regras e bases são versionadas, mas nem todo fenômeno possui fonte e controvérsia explícitas.","Adicionar ficha de fonte, tradição, uso, corpus, divergências e licença por regra.",Auditoria de proveniência
Engenharia e auditabilidade,10,8.5,9.5,1.0,Em rota,"CI, Chromium/Firefox, breadcrumbs, bloqueio de preview vermelha e método CLARO.",Consolidar métricas linguísticas separadas das métricas de software e manter heads documentais verdes.,Auditoria de release
Validação humana e acadêmica,10,4.0,9.0,5.0,Crítico,"Há corpora versionados, mas ainda não há banca independente ou acordo entre anotadores.","Banca com gramáticos, linguistas, professores, lexicógrafos e escritores; medir concordância.",Banca humana E3
